Model,RMSE,R2 Score
LightGBM,0.9189168262557974,0.10342576416182303
XGBoost,0.9257591341491597,0.09002417325973511
RandomForest,0.969025482358988,0.002979145613512091
